{
    "127.0.0.1": {
        "DiscreteInputRegisters": {
            "%IX0.0": "0",
            "%IX0.1": "0",
            "%IX0.2": "0",
            "%IX0.3": "0",
            "%IX0.4": "0",
            "%IX0.5": "0",
            "%IX0.6": "0",
            "%IX0.7": "0",
            "%IX1.0": "0",
            "%IX1.1": "0",
            "%IX1.2": "0",
            "%IX1.3": "0",
            "%IX1.4": "0",
            "%IX1.5": "0",
            "%IX1.6": "0",
            "%IX1.7": "0",
            "%IX2.0": "0",
            "%IX2.1": "0",
            "%IX2.2": "0",
            "%IX2.3": "0",
            "%IX2.4": "0",
            "%IX2.5": "0",
            "%IX2.6": "0",
            "%IX2.7": "0",
            "%IX3.0": "0",
            "%IX3.1": "0",
            "%IX3.2": "0",
            "%IX3.3": "0",
            "%IX3.4": "0",
            "%IX3.5": "0",
            "%IX3.6": "0",
            "%IX3.7": "0",
            "%IX4.0": "0",
            "%IX4.1": "0",
            "%IX4.2": "0",
            "%IX4.3": "0",
            "%IX4.4": "0",
            "%IX4.5": "0",
            "%IX4.6": "0",
            "%IX4.7": "0",
            "%IX5.0": "0",
            "%IX5.1": "0",
            "%IX5.2": "0",
            "%IX5.3": "0",
            "%IX5.4": "0",
            "%IX5.5": "0",
            "%IX5.6": "0",
            "%IX5.7": "0",
            "%IX6.0": "0",
            "%IX6.1": "0",
            "%IX6.2": "0",
            "%IX6.3": "0",
            "%IX6.4": "0",
            "%IX6.5": "0",
            "%IX6.6": "0",
            "%IX6.7": "0",
            "%IX7.0": "0",
            "%IX7.1": "0",
            "%IX7.2": "0",
            "%IX7.3": "0",
            "%IX7.4": "0",
            "%IX7.5": "0",
            "%IX7.6": "0",
            "%IX7.7": "0",
            "%IX8.0": "0",
            "%IX8.1": "0",
            "%IX8.2": "0",
            "%IX8.3": "0",
            "%IX8.4": "0",
            "%IX8.5": "0",
            "%IX8.6": "0",
            "%IX8.7": "0",
            "%IX9.0": "0",
            "%IX9.1": "0",
            "%IX9.2": "0",
            "%IX9.3": "0",
            "%IX9.4": "0",
            "%IX9.5": "0",
            "%IX9.6": "0",
            "%IX9.7": "0",
            "%IX10.0": "0",
            "%IX10.1": "0",
            "%IX10.2": "0",
            "%IX10.3": "0",
            "%IX10.4": "0",
            "%IX10.5": "0",
            "%IX10.6": "0",
            "%IX10.7": "0"
        },
        "InputRegisters": {
            "%IW0": "19",
            "%IW1": "0",
            "%IW2": "0",
            "%IW3": "0",
            "%IW4": "0",
            "%IW5": "0",
            "%IW6": "0",
            "%IW7": "0",
            "%IW8": "0",
            "%IW9": "0",
            "%IW10": "0"
        },
        "HoldingOutputRegisters": {
            "%QW0": "0",
            "%QW1": "0",
            "%QW2": "0",
            "%QW3": "0",
            "%QW4": "0",
            "%QW5": "0",
            "%QW6": "0",
            "%QW7": "0",
            "%QW8": "0",
            "%QW9": "0",
            "%QW10": "0"
        },
        "MemoryRegisters": {
            "%MW0": "0",
            "%MW1": "10",
            "%MW2": "20",
            "%MW3": "0",
            "%MW4": "0",
            "%MW5": "0",
            "%MW6": "0",
            "%MW7": "0",
            "%MW8": "0",
            "%MW9": "0",
            "%MW10": "0"
        },
        "Coils": {
            "%QX0.0": "0",
            "%QX0.1": "0",
            "%QX0.2": "0",
            "%QX0.3": "0",
            "%QX0.4": "0",
            "%QX0.5": "0",
            "%QX0.6": "0",
            "%QX0.7": "0",
            "%QX1.0": "0",
            "%QX1.1": "0",
            "%QX1.2": "0",
            "%QX1.3": "0",
            "%QX1.4": "0",
            "%QX1.5": "0",
            "%QX1.6": "0",
            "%QX1.7": "0",
            "%QX2.0": "0",
            "%QX2.1": "0",
            "%QX2.2": "0",
            "%QX2.3": "0",
            "%QX2.4": "0",
            "%QX2.5": "0",
            "%QX2.6": "0",
            "%QX2.7": "0",
            "%QX3.0": "0",
            "%QX3.1": "0",
            "%QX3.2": "0",
            "%QX3.3": "0",
            "%QX3.4": "0",
            "%QX3.5": "0",
            "%QX3.6": "0",
            "%QX3.7": "0",
            "%QX4.0": "0",
            "%QX4.1": "0",
            "%QX4.2": "0",
            "%QX4.3": "0",
            "%QX4.4": "0",
            "%QX4.5": "0",
            "%QX4.6": "0",
            "%QX4.7": "0",
            "%QX5.0": "0",
            "%QX5.1": "0",
            "%QX5.2": "0",
            "%QX5.3": "0",
            "%QX5.4": "0",
            "%QX5.5": "0",
            "%QX5.6": "0",
            "%QX5.7": "0",
            "%QX6.0": "0",
            "%QX6.1": "0",
            "%QX6.2": "0",
            "%QX6.3": "0",
            "%QX6.4": "0",
            "%QX6.5": "0",
            "%QX6.6": "0",
            "%QX6.7": "0",
            "%QX7.0": "0",
            "%QX7.1": "0",
            "%QX7.2": "0",
            "%QX7.3": "0",
            "%QX7.4": "0",
            "%QX7.5": "0",
            "%QX7.6": "0",
            "%QX7.7": "0",
            "%QX8.0": "0",
            "%QX8.1": "0",
            "%QX8.2": "0",
            "%QX8.3": "0",
            "%QX8.4": "0",
            "%QX8.5": "0",
            "%QX8.6": "0",
            "%QX8.7": "0",
            "%QX9.0": "0",
            "%QX9.1": "0",
            "%QX9.2": "0",
            "%QX9.3": "0",
            "%QX9.4": "0",
            "%QX9.5": "0",
            "%QX9.6": "0",
            "%QX9.7": "0",
            "%QX10.0": "0",
            "%QX10.1": "0",
            "%QX10.2": "0",
            "%QX10.3": "0",
            "%QX10.4": "0",
            "%QX10.5": "0",
            "%QX10.6": "0",
            "%QX10.7": "0"
        }
    }
}